<?xml version="1.0" encoding="UTF-8"?>
         <EBookRoot><!-- Page Shadow Parameter -->
         <PageDataCount>4</PageDataCount>
         <PageShadow PageNo="0">
           <PageShadowDispFlag>True</PageShadowDispFlag>
           <PageShadowColor>000000</PageShadowColor>
           <PageShadowWidth>20</PageShadowWidth>
           <PageShadowTransparent>30</PageShadowTransparent>
         </PageShadow> <!-- Page Shadow Parameter -->
         <PageDataCount>4</PageDataCount>
         <PageShadow PageNo="1">
           <PageShadowDispFlag>True</PageShadowDispFlag>
           <PageShadowColor>000000</PageShadowColor>
           <PageShadowWidth>20</PageShadowWidth>
           <PageShadowTransparent>30</PageShadowTransparent>
         </PageShadow> <!-- Page Shadow Parameter -->
         <PageDataCount>4</PageDataCount>
         <PageShadow PageNo="2">
           <PageShadowDispFlag>True</PageShadowDispFlag>
           <PageShadowColor>000000</PageShadowColor>
           <PageShadowWidth>20</PageShadowWidth>
           <PageShadowTransparent>30</PageShadowTransparent>
         </PageShadow> <!-- Page Shadow Parameter -->
         <PageDataCount>4</PageDataCount>
         <PageShadow PageNo="3">
           <PageShadowDispFlag>True</PageShadowDispFlag>
           <PageShadowColor>000000</PageShadowColor>
           <PageShadowWidth>20</PageShadowWidth>
           <PageShadowTransparent>30</PageShadowTransparent>
         </PageShadow> <!-- Page Shadow Parameter -->
         <PageDataCount>4</PageDataCount>
         <PageShadow PageNo="4">
           <PageShadowDispFlag>True</PageShadowDispFlag>
           <PageShadowColor>000000</PageShadowColor>
           <PageShadowWidth>20</PageShadowWidth>
           <PageShadowTransparent>30</PageShadowTransparent>
         </PageShadow></EBookRoot>