<?xml version="1.0" encoding="UTF-8"?>
<EBookRoot>
  <!-- PageData Link Default Parameter -->
  <LinkDataPageBlock PageNo="0">
    <LinkData>
      <LinkURLFlag>True</LinkURLFlag>
      <LinkURL></LinkURL>
      <LinkTARGET></LinkTARGET>
      <LinkALT></LinkALT>
      <LinkAreaFlag>True</LinkAreaFlag>
      <LinkImagePath></LinkImagePath>
      <LinkAreaXStr>0</LinkAreaXStr>
      <LinkAreaYStr>0</LinkAreaYStr>
      <LinkAreaXLen>0</LinkAreaXLen>
      <LinkAreaYLen>0</LinkAreaYLen>
      <LinkAreaMouseOutColor>0080FF</LinkAreaMouseOutColor>
      <LinkAreaMouseOutTransparent>0</LinkAreaMouseOutTransparent>
      <LinkAreaMouseOverColor>0080FF</LinkAreaMouseOverColor>
      <LinkAreaMouseOverTransparent>100</LinkAreaMouseOverTransparent>
      <LinkPopupFlag>False</LinkPopupFlag>
      <LinkPopupHeight>100</LinkPopupHeight>
      <LinkPopupWidth>100</LinkPopupWidth>
      <LinkPage>0</LinkPage>
      <LinkAreaMouseOutOutLineColor>0080FF</LinkAreaMouseOutOutLineColor>
      <LinkAreaMouseOutOutLineWidth>0</LinkAreaMouseOutOutLineWidth>
      <LinkAreaMouseOverOutLineColor>0080FF</LinkAreaMouseOverOutLineColor>
      <LinkAreaMouseOverOutLineWidth>0</LinkAreaMouseOverOutLineWidth>
      <LinkHighlight></LinkHighlight>
    </LinkData>
  </LinkDataPageBlock>
</EBookRoot>