<?xml version="1.0" encoding="UTF-8"?>
         <EBookRoot><!-- Page Shadow Parameter -->
         <PageDataCount>12</PageDataCount>
         <PageShadow PageNo="0">
           <PageShadowDispFlag>True</PageShadowDispFlag>
           <PageShadowColor>000000</PageShadowColor>
           <PageShadowWidth>20</PageShadowWidth>
           <PageShadowTransparent>30</PageShadowTransparent>
         </PageShadow> <!-- Page Shadow Parameter -->
         <PageDataCount>12</PageDataCount>
         <PageShadow PageNo="1">
           <PageShadowDispFlag>True</PageShadowDispFlag>
           <PageShadowColor>000000</PageShadowColor>
           <PageShadowWidth>20</PageShadowWidth>
           <PageShadowTransparent>30</PageShadowTransparent>
         </PageShadow> <!-- Page Shadow Parameter -->
         <PageDataCount>12</PageDataCount>
         <PageShadow PageNo="2">
           <PageShadowDispFlag>True</PageShadowDispFlag>
           <PageShadowColor>000000</PageShadowColor>
           <PageShadowWidth>20</PageShadowWidth>
           <PageShadowTransparent>30</PageShadowTransparent>
         </PageShadow> <!-- Page Shadow Parameter -->
         <PageDataCount>12</PageDataCount>
         <PageShadow PageNo="3">
           <PageShadowDispFlag>True</PageShadowDispFlag>
           <PageShadowColor>000000</PageShadowColor>
           <PageShadowWidth>20</PageShadowWidth>
           <PageShadowTransparent>30</PageShadowTransparent>
         </PageShadow> <!-- Page Shadow Parameter -->
         <PageDataCount>12</PageDataCount>
         <PageShadow PageNo="4">
           <PageShadowDispFlag>True</PageShadowDispFlag>
           <PageShadowColor>000000</PageShadowColor>
           <PageShadowWidth>20</PageShadowWidth>
           <PageShadowTransparent>30</PageShadowTransparent>
         </PageShadow> <!-- Page Shadow Parameter -->
         <PageDataCount>12</PageDataCount>
         <PageShadow PageNo="5">
           <PageShadowDispFlag>True</PageShadowDispFlag>
           <PageShadowColor>000000</PageShadowColor>
           <PageShadowWidth>20</PageShadowWidth>
           <PageShadowTransparent>30</PageShadowTransparent>
         </PageShadow> <!-- Page Shadow Parameter -->
         <PageDataCount>12</PageDataCount>
         <PageShadow PageNo="6">
           <PageShadowDispFlag>True</PageShadowDispFlag>
           <PageShadowColor>000000</PageShadowColor>
           <PageShadowWidth>20</PageShadowWidth>
           <PageShadowTransparent>30</PageShadowTransparent>
         </PageShadow> <!-- Page Shadow Parameter -->
         <PageDataCount>12</PageDataCount>
         <PageShadow PageNo="7">
           <PageShadowDispFlag>True</PageShadowDispFlag>
           <PageShadowColor>000000</PageShadowColor>
           <PageShadowWidth>20</PageShadowWidth>
           <PageShadowTransparent>30</PageShadowTransparent>
         </PageShadow> <!-- Page Shadow Parameter -->
         <PageDataCount>12</PageDataCount>
         <PageShadow PageNo="8">
           <PageShadowDispFlag>True</PageShadowDispFlag>
           <PageShadowColor>000000</PageShadowColor>
           <PageShadowWidth>20</PageShadowWidth>
           <PageShadowTransparent>30</PageShadowTransparent>
         </PageShadow> <!-- Page Shadow Parameter -->
         <PageDataCount>12</PageDataCount>
         <PageShadow PageNo="9">
           <PageShadowDispFlag>True</PageShadowDispFlag>
           <PageShadowColor>000000</PageShadowColor>
           <PageShadowWidth>20</PageShadowWidth>
           <PageShadowTransparent>30</PageShadowTransparent>
         </PageShadow> <!-- Page Shadow Parameter -->
         <PageDataCount>12</PageDataCount>
         <PageShadow PageNo="10">
           <PageShadowDispFlag>True</PageShadowDispFlag>
           <PageShadowColor>000000</PageShadowColor>
           <PageShadowWidth>20</PageShadowWidth>
           <PageShadowTransparent>30</PageShadowTransparent>
         </PageShadow> <!-- Page Shadow Parameter -->
         <PageDataCount>12</PageDataCount>
         <PageShadow PageNo="11">
           <PageShadowDispFlag>True</PageShadowDispFlag>
           <PageShadowColor>000000</PageShadowColor>
           <PageShadowWidth>20</PageShadowWidth>
           <PageShadowTransparent>30</PageShadowTransparent>
         </PageShadow> <!-- Page Shadow Parameter -->
         <PageDataCount>12</PageDataCount>
         <PageShadow PageNo="12">
           <PageShadowDispFlag>True</PageShadowDispFlag>
           <PageShadowColor>000000</PageShadowColor>
           <PageShadowWidth>20</PageShadowWidth>
           <PageShadowTransparent>30</PageShadowTransparent>
         </PageShadow></EBookRoot>